FileName,FileTrialIndex,Attempt,Block,TrialType,NStim,ChosenTarget,RichTarget,HighSalienceTarget,PassEye,MouseEyeSim,CorrectionRepeat,GoodTrial,RealEyeChoice,PrimaryChoice,T1X,T1Y,T2X,T2Y,FixX,FixY,T1Angle,T2Angle,T1HorizontalSide,T2HorizontalSide,T1VerticalSide,T2VerticalSide,StraddlesLR,StraddlesUD,RightmostTarget,LeftmostTarget,UppermostTarget,LowermostTarget,ChosenX,ChosenY,ChosenAngle,ChosenHorizontalSide,ChosenVerticalSide,ChoseRich,ChoseHighSalience,ChoseRightmost,ChoseUppermost,PreviousChosenTargetPrimary,RepeatIdentityPrimary
trial0001.mat,1,1,1,2,2,2,1,2,0,0,0,1,1,1,3.77926293944764,9.25835685391947,8.74902065926668,-4.8429988131038,0,0,67.7947084507619,331.033387282521,1,1,1,2,0,1,2,1,1,2,8.74902065926668,-4.8429988131038,331.033387282521,1,2,0,1,1,0,NaN,NaN
trial0002.mat,2,2,1,1,2,1,1,1,0,0,0,1,1,1,-6.11536412203684,7.91216289360278,-3.33626530369846,-9.42705329481794,0,0,127.700678669812,250.510960405463,2,2,1,2,0,1,2,1,1,2,-6.11536412203684,7.91216289360278,127.700678669812,2,1,1,1,0,1,2,0
trial0003.mat,3,3,1,1,2,1,1,1,0,0,0,1,1,1,-8.88360151061012,-4.59147298812545,2.273656881372,9.73809449460159,0,0,207.332097930789,76.8579717592007,2,1,2,1,1,1,2,1,2,1,-8.88360151061012,-4.59147298812545,207.332097930789,2,2,1,1,0,0,1,1
trial0004.mat,4,4,1,1,2,2,1,1,0,0,0,1,1,1,-2.5381980719847,9.67251521308564,4.37016845964379,-8.99453320825125,0,0,104.703664441827,295.913698517574,2,1,1,2,1,1,2,1,1,2,4.37016845964379,-8.99453320825125,295.913698517574,1,2,0,0,1,0,1,0
trial0005.mat,5,5,1,2,2,1,1,2,0,0,0,1,1,1,9.90780283727904,-1.35478519980309,-9.99898192570313,-0.142690046822438,0,0,352.21370871794,180.817581491623,1,2,2,2,1,0,1,2,2,1,9.90780283727904,-1.35478519980309,352.21370871794,1,2,1,0,1,0,2,0
trial0006.mat,6,6,1,1,2,1,1,1,0,0,0,1,1,1,0.828262916083067,9.9656399966004,-8.28739893099455,-5.59633978226398,0,0,85.2489602859405,214.030488677613,1,2,1,2,1,1,1,2,1,2,0.828262916083067,9.9656399966004,85.2489602859405,1,1,1,1,1,1,1,1
trial0007.mat,7,7,1,2,2,2,1,2,0,0,0,1,1,1,-4.53046069733075,-8.91487105178428,-6.62911367226343,7.48697882461344,0,0,243.06071477335,131.522290000242,2,2,2,1,0,1,1,2,2,1,-6.62911367226343,7.48697882461344,131.522290000242,2,1,0,1,0,1,1,0
trial0008.mat,8,8,1,2,2,2,1,2,0,0,0,1,1,1,-9.67663335235552,-2.52245256924302,9.92894744808246,1.18995906367272,0,0,194.610414793014,6.8341570375469,2,1,2,1,1,1,2,1,2,1,9.92894744808246,1.18995906367272,6.8341570375469,1,1,0,1,1,1,2,1
trial0009.mat,9,9,1,1,2,2,1,1,0,0,0,1,1,1,1.12044908025759,9.93703144095609,2.03268255940847,-9.79123085279254,0,0,83.5667909805165,281.728143149888,1,1,1,2,0,1,2,1,1,2,2.03268255940847,-9.79123085279254,281.728143149888,1,2,0,0,1,0,2,1
trial0010.mat,10,10,1,2,2,1,1,2,0,0,0,1,1,1,-9.83731680294569,-1.79644040215156,7.24864189407777,-6.88891796230878,0,0,190.349026847414,316.457551165888,2,1,2,2,1,0,2,1,1,2,-9.83731680294569,-1.79644040215156,190.349026847414,2,2,1,0,0,1,2,0
trial0011.mat,11,11,1,1,2,1,1,1,0,0,0,1,1,1,-8.2545659401072,5.64465598069733,-3.42462231072478,-9.3953159621636,0,0,145.634810287584,249.973042321007,2,2,1,2,0,1,2,1,1,2,-8.2545659401072,5.64465598069733,145.634810287584,2,1,1,1,0,1,1,1
trial0012.mat,12,12,1,1,2,1,1,1,0,0,0,1,1,1,-4.64471921503304,8.85587846650477,-1.2482220693614,-9.92179125287159,0,0,117.676051070213,262.829511424138,2,2,1,2,0,1,2,1,1,2,-4.64471921503304,8.85587846650477,117.676051070213,2,1,1,1,0,1,1,1
trial0013.mat,13,13,1,2,2,1,1,2,0,0,0,1,1,1,0.251785255221028,9.99682970672469,7.77961637490342,-6.28311778174932,0,0,88.5572242825932,321.0743218705,1,1,1,2,0,1,2,1,1,2,0.251785255221028,9.99682970672469,88.5572242825932,1,1,1,0,0,1,1,1
trial0014.mat,14,14,1,2,2,2,1,2,0,0,0,1,1,1,-0.242010055806969,-9.99707112772978,2.53069181672074,9.67448184290935,0,0,268.613249130404,75.3407948325245,2,1,2,1,1,1,2,1,2,1,2.53069181672074,9.67448184290935,75.3407948325245,1,1,0,1,1,1,1,0
trial0015.mat,15,15,1,1,2,1,1,1,0,0,0,1,1,1,-3.14263925359434,9.49335654664713,-9.20585181192208,-3.90541834083507,0,0,108.316383367091,202.988218098742,2,2,1,2,0,1,1,2,1,2,-3.14263925359434,9.49335654664713,108.316383367091,2,1,1,1,1,1,2,0
trial0016.mat,16,16,1,1,2,1,1,1,0,0,0,1,1,1,5.46792004370388,-8.37268477823341,-9.56411383340629,-2.92022714555675,0,0,303.147208205378,196.979091865195,1,2,2,2,1,0,1,2,2,1,5.46792004370388,-8.37268477823341,303.147208205378,1,2,1,1,1,0,1,1
trial0017.mat,17,17,1,2,2,2,1,2,0,0,0,1,1,1,-5.75064594174662,-8.18108007861267,9.67979642016185,2.51028708800845,0,0,234.895844109859,14.5383942141265,2,1,2,1,1,1,2,1,2,1,9.67979642016185,2.51028708800845,14.5383942141265,1,1,0,1,1,1,1,0
trial0018.mat,18,18,1,1,2,2,1,1,0,0,0,1,1,1,9.62362311668087,-2.71769720684362,-8.79206858222078,-4.76440238073217,0,0,344.23039728171,208.453165272879,1,2,2,2,1,0,1,2,1,2,-8.79206858222078,-4.76440238073217,208.453165272879,2,2,0,0,0,0,2,1
trial0019.mat,19,19,1,1,2,1,1,1,0,0,0,1,1,1,-4.43973423728975,8.9603995392079,-7.62622635373983,-6.46843656547114,0,0,116.357677402877,220.304047656326,2,2,1,2,0,1,1,2,1,2,-4.43973423728975,8.9603995392079,116.357677402877,2,1,1,1,1,1,2,0
trial0020.mat,20,20,1,1,2,2,1,1,0,0,0,1,1,1,-1.89957868508134,-9.81792242886369,-7.52966580473111,6.58058757779752,0,0,259.049674535844,138.848009863666,2,2,2,1,0,1,1,2,2,1,-7.52966580473111,6.58058757779752,138.848009863666,2,1,0,0,0,1,1,0
trial0022.mat,22,22,1,1,2,1,1,1,0,0,0,1,1,1,8.97328236431628,4.41363836423539,-9.66780985734492,2.55606192456765,0,0,26.1909316847955,165.190492138887,1,2,1,1,1,0,1,2,1,2,8.97328236431628,4.41363836423539,26.1909316847955,1,1,1,1,1,1,2,0
trial0023.mat,23,23,1,2,2,1,1,2,0,0,0,1,1,1,-9.18693579770791,3.94971019807692,-0.322457127332886,-9.99479971790492,0,0,156.735833346293,268.152136428157,2,2,1,2,0,1,2,1,1,2,-9.18693579770791,3.94971019807692,156.735833346293,2,1,1,0,0,1,1,1
trial0024.mat,24,24,1,2,2,1,1,2,0,0,0,1,1,1,-6.93467949521266,7.20487475940263,-4.93278413538574,-8.69871488633159,0,0,133.90525796926,240.44370908531,2,2,1,2,0,1,2,1,1,2,-6.93467949521266,7.20487475940263,133.90525796926,2,1,1,0,0,1,1,1
trial0025.mat,25,25,1,2,2,0,1,2,0,0,0,0,0,0,9.99445041028241,-0.333108085170157,-3.12544839699819,-9.49903007247063,0,0,358.091078122299,251.787338537895,1,2,2,2,1,0,1,2,1,2,NaN,NaN,NaN,0,0,0,0,NaN,NaN,NaN,NaN
trial0026.mat,26,26,1,2,2,2,1,2,0,0,0,1,1,1,-0.11195435790187,-9.99937329144916,-3.28708549293332,9.4443141075542,0,0,269.358535378978,109.190408429662,2,2,2,1,0,1,1,2,2,1,-3.28708549293332,9.4443141075542,109.190408429662,2,1,0,1,0,1,1,0
trial0027.mat,27,27,1,2,2,1,1,2,0,0,0,1,1,1,-9.71473682065836,2.37147390990175,4.44538253982898,8.95759867791495,0,0,166.281761995953,63.606199824672,2,1,1,1,1,0,2,1,2,1,-9.71473682065836,2.37147390990175,166.281761995953,2,1,1,0,0,0,2,0
trial0028.mat,28,28,1,1,2,2,1,1,0,0,0,1,1,1,-9.63947331225705,-2.66093108935275,9.21682467401943,3.87945136950918,0,0,195.431915623311,22.826700104376,2,1,2,1,1,1,2,1,2,1,9.21682467401943,3.87945136950918,22.826700104376,1,1,0,0,1,1,1,0
trial0029.mat,29,29,1,1,2,2,1,1,0,0,0,1,1,1,-4.46189157822907,-8.94938676916628,9.99989098135884,-0.046694335183232,0,0,243.500554130264,359.732460194455,2,1,2,2,1,0,2,1,2,1,9.99989098135884,-0.046694335183232,359.732460194455,1,2,0,0,1,1,2,1
trial0030.mat,30,30,1,2,2,2,1,2,0,0,0,1,1,1,7.33738062699464,6.79432450907401,6.42560292409629,-7.66235127502291,0,0,42.7993086597452,309.983000072922,1,1,1,2,0,1,1,2,1,2,6.42560292409629,-7.66235127502291,309.983000072922,1,2,0,1,0,0,2,1
trial0032.mat,32,32,1,2,2,0,1,2,0,0,0,0,0,0,9.00193322769226,-4.35490506947855,-8.14593756321208,5.80031906159053,0,0,334.183490297903,144.547213220419,1,2,2,1,1,1,1,2,2,1,NaN,NaN,NaN,0,0,0,0,NaN,NaN,NaN,NaN
trial0033.mat,33,33,1,2,2,2,1,2,0,0,0,1,1,1,9.2819512003632,3.72093831097428,-5.00187139534134,8.6591733176133,0,0,21.8448073523333,120.012381824438,1,2,1,1,1,0,1,2,2,1,-5.00187139534134,8.6591733176133,120.012381824438,2,1,0,1,0,1,2,1
trial0046.mat,46,46,1,1,2,0,1,1,0,0,0,0,0,0,-3.37810454622188,9.41214160936793,5.6924646321822,-8.22166932023873,0,0,109.743531157008,304.697696043286,2,1,1,2,1,1,2,1,1,2,NaN,NaN,NaN,0,0,0,0,NaN,NaN,NaN,NaN
trial0057.mat,57,57,1,2,2,0,1,2,0,0,0,0,0,0,4.840788338054,8.75024389752425,-3.16166360505541,-9.48703764346216,0,0,61.047862278312,251.568759726277,1,2,1,2,1,1,1,2,1,2,NaN,NaN,NaN,0,0,0,0,NaN,NaN,NaN,NaN
trial0066.mat,66,66,1,2,2,1,1,2,0,0,0,1,1,1,5.93670342921777,8.04708347126548,6.30354763709367,-7.76307201994744,0,0,53.5820982027269,309.076301211353,1,1,1,2,0,1,2,1,1,2,5.93670342921777,8.04708347126548,53.5820982027269,1,1,1,0,0,1,2,0
trial0067.mat,67,67,1,2,2,2,1,2,0,0,0,1,1,1,-8.91958930896111,-4.52116429246569,9.45340363926845,3.26085259296799,0,0,206.879553145679,19.0313380586138,2,1,2,1,1,1,2,1,2,1,9.45340363926845,3.26085259296799,19.0313380586138,1,1,0,1,1,1,1,0
trial0068.mat,68,68,1,1,2,2,1,1,0,0,0,1,1,1,8.77719545863239,4.79174705936811,-9.99999969473526,-0.00247088945174176,0,0,28.6315146231163,180.014157153867,1,2,1,2,1,1,1,2,1,2,-9.99999969473526,-0.00247088945174176,180.014157153867,2,2,0,0,0,0,2,1
trial0069.mat,69,69,1,2,2,1,1,2,0,0,0,1,1,1,9.62665084897624,-2.70695279454687,-2.05169461531324,9.78726464368337,0,0,344.294355791093,101.839419342792,1,2,2,1,1,1,1,2,2,1,9.62665084897624,-2.70695279454687,344.294355791093,1,2,1,0,1,0,2,0
trial0071.mat,71,71,1,2,2,1,1,2,0,0,0,1,1,1,9.84524702341844,-1.75245857236919,-4.97845989285314,-8.67265455874109,0,0,349.907034207411,240.142406173501,1,2,2,2,1,0,1,2,1,2,9.84524702341844,-1.75245857236919,349.907034207411,1,2,1,0,1,1,1,1
trial0072.mat,72,72,1,2,2,1,1,2,0,0,0,1,1,1,9.112436065283,-4.11867805929641,3.33619651461189,9.42707763922052,0,0,335.677778427726,70.5113784914888,1,1,2,1,0,1,1,2,2,1,9.112436065283,-4.11867805929641,335.677778427726,1,2,1,0,1,0,1,1
trial0075.mat,75,75,1,1,2,1,1,1,0,0,0,1,1,1,9.9815633104294,-0.60695459458646,-3.33703028267813,-9.42678253130352,0,0,356.520267582907,250.506310946612,1,2,2,2,1,0,1,2,1,2,9.9815633104294,-0.60695459458646,356.520267582907,1,2,1,1,1,1,1,1
trial0076.mat,76,76,1,2,2,2,1,2,0,0,0,1,1,1,8.29389448324624,5.58670871808954,-6.40478282368304,-7.67976282065109,0,0,33.9639294227259,230.17250693778,1,2,1,2,1,1,1,2,1,2,-6.40478282368304,-7.67976282065109,230.17250693778,2,2,0,1,0,0,1,0
trial0077.mat,77,77,1,1,2,1,1,1,0,0,0,1,1,1,-3.88013487547701,-9.2165369498585,-8.97648705135448,4.40711699604916,0,0,247.169050859772,153.850700811827,2,2,2,1,0,1,1,2,2,1,-3.88013487547701,-9.2165369498585,247.169050859772,2,2,1,1,1,0,2,0
trial0078.mat,78,78,1,2,2,1,1,2,0,0,0,1,1,1,4.20438474281985,9.07321050865368,7.35022385769724,-6.7804283966235,0,0,65.1377267044636,317.309107707038,1,1,1,2,0,1,2,1,1,2,4.20438474281985,9.07321050865368,65.1377267044636,1,1,1,0,0,1,1,1
trial0079.mat,79,79,1,2,2,1,1,2,0,0,0,1,1,1,6.02764237680861,-7.97919340392881,-6.68493148420133,7.43718300511247,0,0,307.068129171923,131.950871540722,1,2,2,1,1,1,1,2,2,1,6.02764237680861,-7.97919340392881,307.068129171923,1,2,1,0,1,0,1,1
trial0080.mat,80,80,1,2,2,2,1,2,0,0,0,1,1,1,7.0907514396624,-7.05132923787605,-7.62846235209572,-6.4657994202309,0,0,315.15971623854,220.284237708888,1,2,2,2,1,0,1,2,2,1,-7.62846235209572,-6.4657994202309,220.284237708888,2,2,0,1,0,1,1,0
trial0081.mat,81,81,1,1,2,1,1,1,0,0,0,1,1,1,9.88085150369942,-1.53908205169215,-9.4931830233087,-3.14316338836585,0,0,351.146518768822,198.319546735559,1,2,2,2,1,0,1,2,1,2,9.88085150369942,-1.53908205169215,351.146518768822,1,2,1,1,1,1,2,0
trial0082.mat,82,82,1,1,2,2,1,1,0,0,0,1,1,1,-4.74209455377931,8.80412058317108,-2.15634977760906,-9.7647404285319,0,0,118.30789022068,257.547217289499,2,2,1,2,0,1,2,1,1,2,-2.15634977760906,-9.7647404285319,257.547217289499,2,2,0,0,1,0,1,0
trial0083.mat,83,83,1,2,2,2,1,2,0,0,0,1,1,1,-8.77440798978945,-4.79684942735532,4.67304529354745,8.8409641829641,0,0,208.664827151378,62.1405305206206,2,1,2,1,1,1,2,1,2,1,4.67304529354745,8.8409641829641,62.1405305206206,1,1,0,1,1,1,2,1
trial0084.mat,84,84,1,1,2,1,1,1,0,0,0,1,1,1,9.99996541933403,0.0262985194191981,-0.0722841613733369,9.99973874658806,0,0,0.150679590703016,90.4141613439419,1,2,1,1,1,0,1,2,2,1,9.99996541933403,0.0262985194191981,0.150679590703016,1,1,1,1,1,0,2,0
trial0085.mat,85,85,1,1,2,1,1,1,0,0,0,1,1,1,-9.68567329580614,2.48751538827558,-0.977008756301154,-9.95215825286711,0,0,165.596353014297,264.393208025834,2,2,1,2,0,1,2,1,1,2,-9.68567329580614,2.48751538827558,165.596353014297,2,1,1,1,0,1,1,1
trial0086.mat,86,86,1,2,2,2,1,2,0,0,0,1,1,1,-4.46406131798353,8.94830467458966,2.94162049133556,-9.55755559151788,0,0,116.513337821148,287.107296979939,2,1,1,2,1,1,2,1,1,2,2.94162049133556,-9.55755559151788,287.107296979939,1,2,0,1,1,0,1,0
trial0087.mat,87,87,1,1,2,1,1,1,0,0,0,1,1,1,6.99635580508103,7.14499863181995,-9.60679986187755,-2.7765799851309,0,0,45.6022261185473,196.120476346197,1,2,1,2,1,1,1,2,1,2,6.99635580508103,7.14499863181995,45.6022261185473,1,1,1,1,1,1,2,0
trial0088.mat,88,88,1,2,2,2,1,2,0,0,0,1,1,1,-1.08308279633356,-9.94117355528442,-6.93382776477999,7.20569445149918,0,0,263.782195524708,133.898485084955,2,2,2,1,0,1,1,2,2,1,-6.93382776477999,7.20569445149918,133.898485084955,2,1,0,1,0,1,1,0
trial0090.mat,90,90,1,2,2,0,1,2,0,0,0,0,0,0,8.30496479417337,5.57023875319011,-3.17731664058619,-9.48180673529334,0,0,33.8502277337113,251.474199124587,1,2,1,2,1,1,1,2,1,2,NaN,NaN,NaN,0,0,0,0,NaN,NaN,NaN,NaN
trial0091.mat,91,91,1,1,2,2,1,1,0,0,0,1,1,1,0.0829445724828504,-9.99965600397812,9.59548094467964,2.81544764474319,0,0,270.475242843079,16.3524227317815,1,1,2,1,0,1,2,1,2,1,9.59548094467964,2.81544764474319,16.3524227317815,1,1,0,0,1,1,2,1
trial0092.mat,92,92,1,2,2,1,1,2,0,0,0,1,1,1,-1.24983919389543,9.92158767483324,-5.60963525716853,-8.27840517741985,0,0,97.1798271477738,235.877541813379,2,2,1,2,0,1,1,2,1,2,-1.24983919389543,9.92158767483324,97.1798271477738,2,1,1,0,1,1,2,0
trial0093.mat,93,93,1,1,2,1,1,1,0,0,0,1,1,1,6.81666173390971,7.31663329718328,-9.34055461545962,3.5712798092023,0,0,47.0260186909028,159.076080095656,1,2,1,1,1,0,1,2,1,2,6.81666173390971,7.31663329718328,47.0260186909028,1,1,1,1,1,1,1,1
trial0094.mat,94,94,1,1,2,2,1,1,0,0,0,1,1,1,-8.05515246476299,-5.92575048153588,9.24891486749886,-3.80231163553944,0,0,216.339955159166,337.651997807456,2,1,2,2,1,0,2,1,2,1,9.24891486749886,-3.80231163553944,337.651997807456,1,2,0,0,1,1,1,0
trial0095.mat,95,95,1,2,2,1,1,2,0,0,0,1,1,1,8.76542465204051,-4.81324533650639,-6.21045110511891,-7.83774821431049,0,0,331.228054822904,231.607505790542,1,2,2,2,1,0,1,2,1,2,8.76542465204051,-4.81324533650639,331.228054822904,1,2,1,0,1,1,2,0
trial0096.mat,96,96,1,1,2,2,1,1,0,0,0,1,1,1,9.99936987353582,-0.112259218882639,-9.96646543556627,0.818270567515957,0,0,359.35678854445,175.306407237975,1,2,2,1,1,1,1,2,2,1,-9.96646543556627,0.818270567515957,175.306407237975,2,1,0,0,0,1,1,0
trial0097.mat,97,97,1,1,2,1,1,1,0,0,0,1,1,1,5.71247979248948,8.20777525401368,-6.86851473641098,-7.2679780761712,0,0,55.1627029325432,226.618610415908,1,2,1,2,1,1,1,2,1,2,5.71247979248948,8.20777525401368,55.1627029325432,1,1,1,1,1,1,2,0
trial0098.mat,98,98,1,2,2,2,1,2,0,0,0,1,1,1,4.58161640666238,-8.8886889416945,2.029203539115,9.79195246091622,0,0,297.268545012624,78.2922144369625,1,1,2,1,0,1,1,2,2,1,2.029203539115,9.79195246091622,78.2922144369625,1,1,0,1,0,1,1,0
trial0099.mat,99,99,1,1,2,2,1,1,0,0,0,1,1,1,-7.45499273839023,6.66506438607677,7.02155334945118,7.12023795675474,0,0,138.202000708173,45.399816374262,2,1,1,1,1,0,2,1,2,1,7.02155334945118,7.12023795675474,45.399816374262,1,1,0,0,1,1,2,1
trial0100.mat,100,100,1,2,2,2,1,2,0,0,0,1,1,1,-7.90110024761843,6.12965046940558,9.88163016909352,-1.53407470524115,0,0,142.195794666668,351.175553564837,2,1,1,2,1,1,2,1,1,2,9.88163016909352,-1.53407470524115,351.175553564837,1,2,0,1,1,0,2,1
trial0101.mat,101,101,1,2,2,2,1,2,0,0,0,1,1,1,-3.67556698181713,9.30001114849739,9.8952871702443,-1.44336129170715,0,0,111.565011229974,351.701162202615,2,1,1,2,1,1,2,1,1,2,9.8952871702443,-1.44336129170715,351.701162202615,1,2,0,1,1,0,2,1
trial0102.mat,102,102,1,1,2,1,1,1,0,0,0,1,1,1,-3.57876610811597,9.33768885449716,9.76870448733258,2.13832005068659,0,0,110.969848560285,12.3470126356864,2,1,1,1,1,0,2,1,1,2,-3.57876610811597,9.33768885449716,110.969848560285,2,1,1,1,0,1,2,0
trial0103.mat,103,103,1,1,2,2,1,1,0,0,0,1,1,1,9.36966286474627,3.49419773352834,-9.42770758180895,-3.33441595364197,0,0,20.4518299747919,199.477799997978,1,2,1,2,1,1,1,2,1,2,-9.42770758180895,-3.33441595364197,199.477799997978,2,2,0,0,0,0,1,0
trial0104.mat,104,104,1,1,2,2,1,1,0,0,0,1,1,1,-9.11614926932118,-4.11045283386819,6.93645950452206,7.20316107984027,0,0,204.270514798331,46.0805850670095,2,1,2,1,1,1,2,1,2,1,6.93645950452206,7.20316107984027,46.0805850670095,1,1,0,0,1,1,2,1
trial0105.mat,105,105,1,2,2,0,1,2,0,0,0,0,0,0,-2.00818565170052,-9.7962845195668,4.48969759767843,8.93546951656154,0,0,258.415169431043,63.3223960002346,2,1,2,1,1,1,2,1,2,1,NaN,NaN,NaN,0,0,0,0,NaN,NaN,NaN,NaN
trial0121.mat,121,121,1,1,2,1,1,1,0,0,0,1,1,1,-9.99865527412837,-0.163989966598482,2.71405112824065,-9.62465201829633,0,0,180.939635415638,285.747896366759,2,1,2,2,1,0,2,1,1,2,-9.99865527412837,-0.163989966598482,180.939635415638,2,2,1,1,0,1,2,0
trial0122.mat,122,122,1,1,2,2,1,1,0,0,0,1,1,1,-6.25762151973491,-7.80013928822752,3.77924511874753,9.25836412831246,0,0,231.261850729653,67.7948187349645,2,1,2,1,1,1,2,1,2,1,3.77924511874753,9.25836412831246,67.7948187349645,1,1,0,0,1,1,1,0
trial0124.mat,124,124,1,2,2,1,1,2,0,0,0,1,1,1,8.74899116033742,4.84305210340934,-9.05260226455935,4.248575318821,0,0,28.9669617067955,154.858354020394,1,2,1,1,1,0,1,2,1,2,8.74899116033742,4.84305210340934,28.9669617067955,1,1,1,0,1,1,2,0
trial0125.mat,125,125,1,2,2,2,1,2,0,0,0,1,1,1,-6.79111907970285,-7.34034751529489,-3.3176908359106,9.43360628377689,0,0,227.225716680661,109.376186885177,2,2,2,1,0,1,2,1,2,1,-3.3176908359106,9.43360628377689,109.376186885177,2,1,0,1,1,1,1,0
trial0126.mat,126,126,1,2,2,2,1,2,0,0,0,1,1,1,-3.14782689654395,9.49163767899905,6.23898121549915,-7.81505683873437,0,0,108.347695469239,308.601358128492,2,1,1,2,1,1,2,1,1,2,6.23898121549915,-7.81505683873437,308.601358128492,1,2,0,1,1,0,2,1
trial0127.mat,127,127,1,2,2,1,1,2,0,0,0,1,1,1,9.96005660076168,0.892901175732086,-3.99060181330441,-9.16924736102432,0,0,5.12276940129266,246.480560986657,1,2,1,2,1,1,1,2,1,2,9.96005660076168,0.892901175732086,5.12276940129266,1,1,1,0,1,1,2,0
trial0128.mat,128,128,1,2,2,1,1,2,0,0,0,1,1,1,9.8048394306822,-1.96599179513534,-3.86036288294547,-9.22483595583016,0,0,348.661841629494,247.291910616075,1,2,2,2,1,0,1,2,1,2,9.8048394306822,-1.96599179513534,348.661841629494,1,2,1,0,1,1,1,1
trial0129.mat,129,129,1,2,2,2,1,2,0,0,0,1,1,1,-9.84583431933297,-1.74915595538107,8.06889365433313,5.9070259179271,0,0,190.073746328741,36.2068821106499,2,1,2,1,1,1,2,1,2,1,8.06889365433313,5.9070259179271,36.2068821106499,1,1,0,1,1,1,1,0
trial0130.mat,130,130,1,2,2,2,1,2,0,0,0,1,1,1,-8.53418228523062,-5.21226752214963,-0.550131040238672,9.98485632538425,0,0,211.414575637687,93.1536107477563,2,2,2,1,0,1,2,1,2,1,-0.550131040238672,9.98485632538425,93.1536107477563,2,1,0,1,1,1,2,1
trial0131.mat,131,131,1,1,2,2,1,1,0,0,0,1,1,1,9.05190154627832,4.25006804610045,-8.23393770670257,5.67470438367865,0,0,25.1510941228721,145.425980571691,1,2,1,1,1,0,1,2,2,1,-8.23393770670257,5.67470438367865,145.425980571691,2,1,0,0,0,1,2,1
trial0172.mat,172,172,1,1,2,1,1,1,0,0,0,1,1,1,9.83014422616556,1.83528321868424,-3.47715568012464,9.37600065999235,0,0,10.5753424409566,110.347652551147,1,2,1,1,1,0,1,2,2,1,9.83014422616556,1.83528321868424,10.5753424409566,1,1,1,1,1,0,2,0
trial0173.mat,173,173,1,2,2,2,1,2,0,0,0,1,1,1,-7.64313672886246,6.44844639769253,9.6474505771384,2.63186195718393,0,0,139.845971907022,15.2592040664271,2,1,1,1,1,0,2,1,1,2,9.6474505771384,2.63186195718393,15.2592040664271,1,1,0,1,1,0,1,0
trial0174.mat,174,174,1,2,2,1,1,2,0,0,0,1,1,1,9.94395142423629,1.05727483296876,-6.90260922849441,7.23560542309376,0,0,6.06908159324735,133.650766721512,1,2,1,1,1,0,1,2,2,1,9.94395142423629,1.05727483296876,6.06908159324735,1,1,1,0,1,0,2,0
trial0175.mat,175,175,1,1,2,1,1,1,0,0,0,1,1,1,9.186244891247,-3.95131684353944,-8.38514945818712,5.44878597155955,0,0,336.725812870742,146.983632222673,1,2,2,1,1,1,1,2,2,1,9.186244891247,-3.95131684353944,336.725812870742,1,2,1,1,1,0,1,1
trial0176.mat,176,176,1,2,2,1,1,2,0,0,0,1,1,1,-9.98704998341306,0.508755961939653,8.31777633896445,5.55108969257056,0,0,177.083784114358,33.718220640414,2,1,1,1,1,0,2,1,2,1,-9.98704998341306,0.508755961939653,177.083784114358,2,1,1,0,0,0,1,1
trial0178.mat,178,178,1,1,2,1,1,1,0,0,0,1,1,1,2.93470727265056,9.55968060260655,-9.76725851711578,2.14491516378369,0,0,72.9341418799688,167.614302592907,1,2,1,1,1,0,1,2,1,2,2.93470727265056,9.55968060260655,72.9341418799688,1,1,1,1,1,1,1,1
trial0179.mat,179,179,1,1,2,1,1,1,0,0,0,1,1,1,1.69400972653796,-9.85547213716293,-9.99509713032023,0.313102787378567,0,0,279.752992177356,178.205759932516,1,2,2,1,1,1,1,2,2,1,1.69400972653796,-9.85547213716293,279.752992177356,1,2,1,1,1,0,1,1
trial0180.mat,180,180,1,2,2,2,1,2,0,0,0,1,1,1,3.49188335334949,9.37052563342104,2.55855056001601,-9.66715154695745,0,0,69.5623218802735,284.824257133601,1,1,1,2,0,1,1,2,1,2,2.55855056001601,-9.66715154695745,284.824257133601,1,2,0,1,0,0,1,0
trial0182.mat,182,182,1,2,2,1,1,2,0,0,0,1,1,1,-6.01418558280051,-7.98934113526481,-6.2859594191024,7.77732050139364,0,0,233.028437901033,128.946609476939,2,2,2,1,0,1,1,2,2,1,-6.01418558280051,-7.98934113526481,233.028437901033,2,2,1,0,1,0,2,0
trial0183.mat,183,183,1,1,2,1,1,1,0,0,0,1,1,1,2.82835014893851,9.59168574521703,4.18200031060216,-9.08354960365844,0,0,73.5705196248405,294.720999980786,1,1,1,2,0,1,2,1,1,2,2.82835014893851,9.59168574521703,73.5705196248405,1,1,1,1,0,1,1,1
trial0184.mat,184,184,1,1,2,2,1,1,0,0,0,1,1,1,-3.04035159456154,-9.52660811524475,9.50612725916084,3.10379518213416,0,0,252.299873788334,18.0821035018485,2,1,2,1,1,1,2,1,2,1,9.50612725916084,3.10379518213416,18.0821035018485,1,1,0,0,1,1,1,0
trial0186.mat,186,186,1,1,2,1,1,1,0,0,0,1,1,1,-2.57049549292133,-9.66398224961486,-2.68356214837828,9.63319750632112,0,0,255.104935415358,105.56647544476,2,2,2,1,0,1,1,2,2,1,-2.57049549292133,-9.66398224961486,255.104935415358,2,2,1,1,1,0,2,0
trial0187.mat,187,187,1,2,2,1,1,2,0,0,0,1,1,1,5.00087771583803,8.65974722906129,-7.44722264269253,-6.67374519368006,0,0,59.9941929088442,221.86475092163,1,2,1,2,1,1,1,2,1,2,5.00087771583803,8.65974722906129,59.9941929088442,1,1,1,0,1,1,1,1
trial0188.mat,188,188,1,1,2,1,1,1,0,0,0,1,1,1,9.99835990793327,-0.181105360032617,-8.92977956785541,4.50100398461411,0,0,358.962285990123,153.249874406675,1,2,2,1,1,1,1,2,2,1,9.99835990793327,-0.181105360032617,358.962285990123,1,2,1,1,1,0,1,1
trial0189.mat,189,189,1,1,2,1,1,1,0,0,0,1,1,1,7.77571443304602,-6.28794601246861,-9.698646799173,2.43644213247336,0,0,321.038753712258,165.898274899379,1,2,2,1,1,1,1,2,2,1,7.77571443304602,-6.28794601246861,321.038753712258,1,2,1,1,1,0,1,1
trial0190.mat,190,190,1,1,2,1,1,1,0,0,0,1,1,1,3.03439208701531,-9.52850799770136,-9.97859972968216,0.653871114813237,0,0,287.664287582584,176.250919718109,1,2,2,1,1,1,1,2,2,1,3.03439208701531,-9.52850799770136,287.664287582584,1,2,1,1,1,0,1,1
trial0192.mat,192,192,1,1,2,1,1,1,0,0,0,1,1,1,9.85532318890414,1.69487605512861,-5.0681690617551,8.62053724320407,0,0,9.75802870389492,120.452037086585,1,2,1,1,1,0,1,2,2,1,9.85532318890414,1.69487605512861,9.75802870389492,1,1,1,1,1,0,1,1
trial0193.mat,193,193,1,1,2,1,1,1,0,0,0,1,1,1,-8.90864412208449,4.54269302353235,7.7246730760307,6.35054532055685,0,0,152.982070291821,39.4240291249357,2,1,1,1,1,0,2,1,2,1,-8.90864412208449,4.54269302353235,152.982070291821,2,1,1,1,0,0,1,1
trial0194.mat,194,194,1,1,2,2,1,1,0,0,0,1,1,1,-8.8833696185553,-4.59192162608736,9.02263953126109,-4.31184135711469,0,0,207.334991509166,334.457268135186,2,1,2,2,1,0,2,1,2,1,9.02263953126109,-4.31184135711469,334.457268135186,1,2,0,0,1,1,1,0
trial0195.mat,195,195,1,2,2,2,1,2,0,0,0,1,1,1,-7.58163876413826,-6.52064058587161,3.82670274833891,9.2388498242939,0,0,220.697404418911,67.5008159816907,2,1,2,1,1,1,2,1,2,1,3.82670274833891,9.2388498242939,67.5008159816907,1,1,0,1,1,1,2,1
trial0279.mat,279,279,1,2,2,0,1,2,0,0,0,0,0,0,9.99964193967086,0.0846231550792893,-4.55779471803002,-8.90092732855952,0,0,0.484860750506244,242.884901962619,1,2,1,2,1,1,1,2,1,2,NaN,NaN,NaN,0,0,0,0,NaN,NaN,NaN,NaN
trial0326.mat,326,326,1,2,2,0,1,2,0,0,0,0,0,0,8.40826306374235,5.41305017997304,-9.41420567699865,-3.37234806494917,0,0,32.772521335484,199.708492807139,1,2,1,2,1,1,1,2,1,2,NaN,NaN,NaN,0,0,0,0,NaN,NaN,NaN,NaN
trial0396.mat,396,396,1,2,2,0,1,2,0,0,0,0,0,0,2.46073327490909,-9.69251214854824,-9.78458825968188,2.06442064233421,0,0,284.245272911957,168.086070845683,1,2,2,1,1,1,1,2,2,1,NaN,NaN,NaN,0,0,0,0,NaN,NaN,NaN,NaN
trial0434.mat,434,434,1,2,2,0,1,2,0,0,0,0,0,0,9.92929340588583,1.18706885218679,-2.90308037432633,9.56933249188267,0,0,6.8174791333869,106.876398670872,1,2,1,1,1,0,1,2,2,1,NaN,NaN,NaN,0,0,0,0,NaN,NaN,NaN,NaN
trial0440.mat,440,440,1,2,2,2,1,2,0,0,0,1,1,1,-2.45580248700825,9.69376264124535,5.73642673789527,-8.19105660344013,0,0,104.216127206208,305.004633124151,2,1,1,2,1,1,2,1,1,2,5.73642673789527,-8.19105660344013,305.004633124151,1,2,0,1,1,0,2,1
trial0493.mat,493,493,1,2,2,0,1,2,0,0,0,0,0,0,-9.19402232283046,-3.93318618009563,9.64548226731789,-2.63906646957899,0,0,203.161151758654,344.698004291905,2,1,2,2,1,0,2,1,2,1,NaN,NaN,NaN,0,0,0,0,NaN,NaN,NaN,NaN
trial0524.mat,524,524,1,2,2,1,1,2,0,0,0,1,1,1,5.40310203637982,-8.41465913655855,-9.88458188638975,-1.51493925002146,0,0,302.704758247876,188.713511626049,1,2,2,2,1,0,1,2,2,1,5.40310203637982,-8.41465913655855,302.704758247876,1,2,1,0,1,0,2,0
trial0525.mat,525,525,1,2,2,1,1,2,0,0,0,1,1,1,7.03117377561111,7.11073803041278,-0.871821478756876,-9.96192387589758,0,0,45.3223501860526,264.998481316804,1,2,1,2,1,1,1,2,1,2,7.03117377561111,7.11073803041278,45.3223501860526,1,1,1,0,1,1,1,1
trial0526.mat,526,526,2,1,2,2,2,2,0,0,0,1,1,1,-3.14377303562702,-9.49298114927363,1.65514626773628,9.862073353631,0,0,251.67677372025,80.4728685195716,2,1,2,1,1,1,2,1,2,1,1.65514626773628,9.862073353631,80.4728685195716,1,1,1,1,1,1,1,0
trial0527.mat,527,527,2,2,2,1,2,1,0,0,0,1,1,1,-4.4829838519449,-8.93883973361203,9.98907421930556,-0.467328836265342,0,0,243.365437582629,357.321427416096,2,1,2,2,1,0,2,1,2,1,-4.4829838519449,-8.93883973361203,243.365437582629,2,2,0,1,0,0,2,0
trial0528.mat,528,528,2,1,2,1,2,2,0,0,0,1,1,1,4.60290751578124,8.87768226516159,-8.73584429908486,-4.86672624894257,0,0,62.5941292391427,209.122116474695,1,2,1,2,1,1,1,2,1,2,4.60290751578124,8.87768226516159,62.5941292391427,1,1,0,0,1,1,1,1
trial0529.mat,529,529,2,1,2,2,2,2,0,0,0,1,1,1,-8.51877207427001,-5.23741561713765,4.74017912430165,8.80515200717937,0,0,211.583564380718,61.7045743514969,2,1,2,1,1,1,2,1,2,1,4.74017912430165,8.80515200717937,61.7045743514969,1,1,1,1,1,1,1,0
trial0530.mat,530,530,2,1,2,2,2,2,0,0,0,1,1,1,1.89972092717286,9.81789490669265,9.28860929897687,-3.70428634030367,0,0,79.0488444332442,338.257945322722,1,1,1,2,0,1,2,1,1,2,9.28860929897687,-3.70428634030367,338.257945322722,1,2,1,1,1,0,2,1
trial0532.mat,532,532,2,2,2,1,2,1,0,0,0,1,1,1,6.4379164747286,-7.65200832882571,7.18226491751948,6.95809389521073,0,0,310.075137693856,44.0917502318554,1,1,2,1,0,1,2,1,2,1,6.4379164747286,-7.65200832882571,310.075137693856,1,2,0,1,0,0,2,0
trial0533.mat,533,533,2,2,2,2,2,1,0,0,0,1,1,1,-1.24173221825151,-9.9226055599402,4.23883531981528,9.0571670588262,0,0,262.866987097348,64.9199849303978,2,1,2,1,1,1,2,1,2,1,4.23883531981528,9.0571670588262,64.9199849303978,1,1,1,0,1,1,1,0
trial0534.mat,534,534,2,2,2,1,2,1,0,0,0,1,1,1,6.78597118148114,7.34510688309622,-0.0448349547128499,-9.99989949083669,0,0,47.2658860647854,269.743113771381,1,2,1,2,1,1,1,2,1,2,6.78597118148114,7.34510688309622,47.2658860647854,1,1,0,1,1,1,2,0
trial0535.mat,535,535,2,1,2,2,2,2,0,0,0,1,1,1,-8.0377929722442,-5.94927593370334,-5.67256782467628,8.23540978181702,0,0,216.507470567137,124.559153531173,2,2,2,1,0,1,2,1,2,1,-5.67256782467628,8.23540978181702,124.559153531173,2,1,1,1,1,1,1,0
trial0536.mat,536,536,2,1,2,2,2,2,0,0,0,1,1,1,-4.44037784195296,8.96008061463139,9.99994456204794,0.0332979874445509,0,0,116.361792898728,0.190783767240745,2,1,1,1,1,0,2,1,1,2,9.99994456204794,0.0332979874445509,0.190783767240745,1,1,1,1,1,0,2,1
trial0537.mat,537,537,2,1,2,2,2,2,0,0,0,1,1,1,6.64669104426828,-7.47137859849465,-8.40082963932588,-5.42457937272778,0,0,311.656944994607,212.851118555943,1,2,2,2,1,0,1,2,2,1,-8.40082963932588,-5.42457937272778,212.851118555943,2,2,1,1,0,1,2,1
trial0538.mat,538,538,2,1,2,2,2,2,0,0,0,1,1,1,-8.47456080407217,5.30865511952732,8.4182550182606,5.39749779504636,0,0,147.936047347068,32.6666068783669,2,1,1,1,1,0,2,1,2,1,8.4182550182606,5.39749779504636,32.6666068783669,1,1,1,1,1,1,2,1
trial0539.mat,539,539,2,2,2,0,2,1,0,0,0,0,0,0,-7.07084545687018,-7.07129015986887,9.98186282677639,-0.60200872702942,0,0,225.001801680145,356.548657231988,2,1,2,2,1,0,2,1,2,1,NaN,NaN,NaN,0,0,0,0,NaN,NaN,NaN,NaN
trial0541.mat,541,541,2,2,2,1,2,1,0,0,0,1,1,1,7.84866316616357,6.19665123305381,-4.78178467801635,-8.78262690162164,0,0,38.2916841256218,241.433497691064,1,2,1,2,1,1,1,2,1,2,7.84866316616357,6.19665123305381,38.2916841256218,1,1,0,1,1,1,2,0
trial0542.mat,542,542,2,1,2,2,2,2,0,0,0,1,1,1,-9.88603609634974,-1.50542030731288,3.90318181675552,9.20680029681046,0,0,188.658339329365,67.025700959648,2,1,2,1,1,1,2,1,2,1,3.90318181675552,9.20680029681046,67.025700959648,1,1,1,1,1,1,1,0
trial0543.mat,543,543,2,2,2,1,2,1,0,0,0,1,1,1,1.99990683174276,-9.79797798856216,-9.36868337880509,3.49682309356669,0,0,281.536414210903,159.532115027936,1,2,2,1,1,1,1,2,2,1,1.99990683174276,-9.79797798856216,281.536414210903,1,2,0,1,1,0,2,0
trial0544.mat,544,544,2,1,2,2,2,2,0,0,0,1,1,1,7.45443775349011,6.66568509452264,6.60589648613368,-7.50747171919327,0,0,41.8027699601981,311.344858261688,1,1,1,2,0,1,1,2,1,2,6.60589648613368,-7.50747171919327,311.344858261688,1,2,1,1,0,0,1,0
trial0545.mat,545,545,2,2,2,2,2,1,0,0,0,1,1,1,5.40964693431844,8.4104530226391,-9.89585631308915,1.43945400436889,0,0,57.2506661193719,171.723785561503,1,2,1,1,1,0,1,2,1,2,-9.89585631308915,1.43945400436889,171.723785561503,2,1,1,0,0,0,2,1
trial0546.mat,546,546,2,2,2,2,2,1,0,0,0,1,1,1,-9.61110049097957,2.76165663185926,4.53083551752893,8.91468056147265,0,0,163.968507879039,63.058305782267,2,1,1,1,1,0,2,1,2,1,4.53083551752893,8.91468056147265,63.058305782267,1,1,1,0,1,1,2,1
trial0547.mat,547,547,2,1,2,1,2,2,0,0,0,1,1,1,8.21420333533497,-5.70323272940635,-7.98593961036391,-6.01870156592107,0,0,325.227228364564,217.003955491032,1,2,2,2,1,0,1,2,1,2,8.21420333533497,-5.70323272940635,325.227228364564,1,2,0,0,1,1,2,0
trial0548.mat,548,548,2,1,2,2,2,2,0,0,0,1,1,1,-9.3885694008179,-3.44307487662204,5.45909346144189,-8.37844249125351,0,0,200.139527979182,303.086827091177,2,1,2,2,1,0,2,1,1,2,5.45909346144189,-8.37844249125351,303.086827091177,1,2,1,1,1,0,1,0
trial0549.mat,549,549,2,2,2,0,2,1,0,0,0,0,0,0,-3.63874736721164,9.31447892249536,8.35454185515343,-5.49560100357454,0,0,111.338348478444,326.663160750521,2,1,1,2,1,1,2,1,1,2,NaN,NaN,NaN,0,0,0,0,NaN,NaN,NaN,NaN
trial0550.mat,550,550,2,2,2,1,2,1,0,0,0,1,1,1,1.70400397173158,9.85374905628934,-6.0971248118624,-7.92622665765823,0,0,80.1889001973544,232.43128361447,1,2,1,2,1,1,1,2,1,2,1.70400397173158,9.85374905628934,80.1889001973544,1,1,0,1,1,1,2,0
trial0551.mat,551,551,2,1,2,2,2,2,0,0,0,1,1,1,-7.84969754937378,-6.19534086094989,8.50694635726303,5.25660191327527,0,0,218.282118949699,31.7126976483991,2,1,2,1,1,1,2,1,2,1,8.50694635726303,5.25660191327527,31.7126976483991,1,1,1,1,1,1,1,0
trial0552.mat,552,552,2,2,2,1,2,1,0,0,0,1,1,1,3.87830067532186,9.21730892787032,-7.6721606172593,-6.41388739088671,0,0,67.1804529218287,219.895452392009,1,2,1,2,1,1,1,2,1,2,3.87830067532186,9.21730892787032,67.1804529218287,1,1,0,1,1,1,2,0
trial0553.mat,553,553,2,2,2,2,2,1,0,0,0,1,1,1,-7.40218449797445,6.72366452598185,9.97905106373559,0.646946572258876,0,0,137.750027465726,3.70932138926284,2,1,1,1,1,0,2,1,1,2,9.97905106373559,0.646946572258876,3.70932138926284,1,1,1,0,1,0,1,0
trial0555.mat,555,555,2,2,2,0,2,1,0,0,0,0,0,0,-9.75479217589665,2.20091562879305,8.43924197791871,5.36462438928716,0,0,167.285589022244,32.4431448755414,2,1,1,1,1,0,2,1,2,1,NaN,NaN,NaN,0,0,0,0,NaN,NaN,NaN,NaN
trial0556.mat,556,556,2,1,2,2,2,2,0,0,0,1,1,1,-5.36306493335004,8.44023308449898,9.56909478101198,-2.90386381774513,0,0,122.432558024594,343.11891045242,2,1,1,2,1,1,2,1,1,2,9.56909478101198,-2.90386381774513,343.11891045242,1,2,1,1,1,0,2,1
trial0557.mat,557,557,2,2,2,2,2,1,0,0,0,1,1,1,-4.29590005577802,9.0302404569738,-2.1750401166358,-9.76059426935804,0,0,115.441543683235,257.437526241086,2,2,1,2,0,1,2,1,1,2,-2.1750401166358,-9.76059426935804,257.437526241086,2,2,1,0,1,0,2,1
trial0559.mat,559,559,2,2,2,1,2,1,0,0,0,1,1,1,9.99541804105197,0.302684959343588,-8.69906212898461,-4.93217174032552,0,0,1.7345219942932,209.552257335883,1,2,1,2,1,1,1,2,1,2,9.99541804105197,0.302684959343588,1.7345219942932,1,1,0,1,1,1,2,0
trial0560.mat,560,560,2,1,2,2,2,2,0,0,0,1,1,1,-9.08407323549761,4.18086276408542,6.31067528815415,7.75727899507814,0,0,155.28617504865,50.8710731367522,2,1,1,1,1,0,2,1,2,1,6.31067528815415,7.75727899507814,50.8710731367522,1,1,1,1,1,1,1,0
trial0561.mat,561,561,2,2,2,2,2,1,0,0,0,1,1,1,-9.78933646601728,-2.04178636372767,7.32726510939185,6.80523225295719,0,0,191.781421435336,42.884543255179,2,1,2,1,1,1,2,1,2,1,7.32726510939185,6.80523225295719,42.884543255179,1,1,1,0,1,1,2,1
trial0562.mat,562,562,2,1,2,1,2,2,0,0,0,1,1,1,8.60766705303035,5.08999684716756,-9.99618997736246,0.276018000279707,0,0,30.5972221899831,178.418332473361,1,2,1,1,1,0,1,2,1,2,8.60766705303035,5.08999684716756,30.5972221899831,1,1,0,0,1,1,2,0
trial0563.mat,563,563,2,2,2,2,2,1,0,0,0,1,1,1,-9.64454246674589,2.64249893228646,7.13796174604419,-7.0035349725699,0,0,164.677613895614,315.544627980345,2,1,1,2,1,1,2,1,1,2,7.13796174604419,-7.0035349725699,315.544627980345,1,2,1,0,1,0,1,0
trial0564.mat,564,564,2,2,2,1,2,1,0,0,0,1,1,1,-8.98474422794262,4.39025866646281,-1.05805119654546,-9.94386884796299,0,0,153.9582558938,263.926445080296,2,2,1,2,0,1,2,1,1,2,-8.98474422794262,4.39025866646281,153.9582558938,2,1,0,1,0,1,2,0
trial0566.mat,566,566,2,1,2,2,2,2,0,0,0,1,1,1,-1.72595893317831,9.84992719571988,-3.90971139443723,-9.20402937914736,0,0,99.9387842097158,246.985059963662,2,2,1,2,0,1,1,2,1,2,-3.90971139443723,-9.20402937914736,246.985059963662,2,2,1,1,0,0,1,0
trial0567.mat,567,567,2,1,2,0,2,2,0,0,0,0,0,0,-9.69916699723512,-2.4343704647701,8.64327328792753,-5.02929685644011,0,0,194.089486833284,329.805983532553,2,1,2,2,1,0,2,1,1,2,NaN,NaN,NaN,0,0,0,0,NaN,NaN,NaN,NaN
trial0568.mat,568,568,2,1,2,1,2,2,0,0,0,1,1,1,5.57099037653285,8.30446062213425,-4.47164259599834,-8.94451857249194,0,0,56.1445866750701,243.438109169462,1,2,1,2,1,1,1,2,1,2,5.57099037653285,8.30446062213425,56.1445866750701,1,1,0,0,1,1,2,0
trial0569.mat,569,569,2,2,2,1,2,1,0,0,0,1,1,1,9.45563057896504,-3.25438939805017,-1.76225278823734,9.84349862144297,0,0,341.007829862102,100.149969646132,1,2,2,1,1,1,1,2,2,1,9.45563057896504,-3.25438939805017,341.007829862102,1,2,0,1,1,0,1,1
trial0571.mat,571,571,2,1,2,2,2,2,0,0,0,1,1,1,2.10014088838874,-9.77698359663745,-9.23202753455308,3.84313252454995,0,0,282.123177887738,157.398887246127,1,2,2,1,1,1,1,2,2,1,-9.23202753455308,3.84313252454995,157.398887246127,2,1,1,1,0,1,1,0
trial0572.mat,572,572,2,1,2,1,2,2,0,0,0,1,1,1,4.8283496263829,-8.75711367320352,-2.05412925277905,9.78675395689896,0,0,298.870722172992,101.853672363958,1,2,2,1,1,1,1,2,2,1,4.8283496263829,-8.75711367320352,298.870722172992,1,2,0,0,1,0,2,0
trial0573.mat,573,573,2,1,2,1,2,2,0,0,0,1,1,1,5.43039737862948,-8.39706998364156,-9.30416782224626,3.66503221479393,0,0,302.890807704885,158.499877161502,1,2,2,1,1,1,1,2,2,1,5.43039737862948,-8.39706998364156,302.890807704885,1,2,0,0,1,0,1,1
trial0574.mat,574,574,2,1,2,0,2,2,0,0,0,0,0,0,9.02016228618743,-4.31702123354078,0.913018373946988,9.95823264685231,0,0,334.424370245772,84.7614947393581,1,1,2,1,0,1,1,2,2,1,NaN,NaN,NaN,0,0,0,0,NaN,NaN,NaN,NaN
trial0575.mat,575,575,2,1,2,2,2,2,0,0,0,1,1,1,3.74177004768199,9.27357303903247,3.61128624832447,-9.32516013978648,0,0,68.0265441571766,291.169524922438,1,1,1,2,0,1,1,2,1,2,3.61128624832447,-9.32516013978648,291.169524922438,1,2,1,1,0,0,1,0
trial0576.mat,576,576,2,1,2,1,2,2,0,0,0,1,1,1,-5.74481386655837,-8.18517645738921,8.16534747654074,5.77296289502624,0,0,234.936678527823,35.26060187025,2,1,2,1,1,1,2,1,2,1,-5.74481386655837,-8.18517645738921,234.936678527823,2,2,0,0,0,0,2,0
trial0577.mat,577,577,2,1,2,2,2,2,0,0,0,1,1,1,-1.44631082563713,9.89485649191765,-5.49663489570294,-8.35386167130751,0,0,98.3159165864383,236.656069988646,2,2,1,2,0,1,1,2,1,2,-5.49663489570294,-8.35386167130751,236.656069988646,2,2,1,1,0,0,1,0
trial0578.mat,578,578,2,1,2,2,2,2,0,0,0,1,1,1,2.31659737030159,-9.72796878201774,4.61490479940101,8.87145161134668,0,0,283.394807116556,62.5166726582042,1,1,2,1,0,1,2,1,2,1,4.61490479940101,8.87145161134668,62.5166726582042,1,1,1,1,1,1,2,1
trial0579.mat,579,579,2,2,2,0,2,1,0,0,0,0,0,0,-9.71103282139827,2.38659622511343,8.90939867153181,-4.54121297801669,0,0,166.192556298672,332.991588773993,2,1,1,2,1,1,2,1,1,2,NaN,NaN,NaN,0,0,0,0,NaN,NaN,NaN,NaN
trial0580.mat,580,580,2,2,2,1,2,1,0,0,0,1,1,1,1.58255345446544,9.87398220394181,-9.84890341529617,-1.73179141820473,0,0,80.8943552806418,189.972712798973,1,2,1,2,1,1,1,2,1,2,1.58255345446544,9.87398220394181,80.8943552806418,1,1,0,1,1,1,2,0
trial0581.mat,581,581,2,1,2,0,2,2,0,0,0,0,0,0,-7.93054431788592,6.09150776261898,-5.29774866471668,-8.48138308800473,0,0,142.47187614141,238.009755274848,2,2,1,2,0,1,2,1,1,2,NaN,NaN,NaN,0,0,0,0,NaN,NaN,NaN,NaN
trial0582.mat,582,582,2,2,2,1,2,1,0,0,0,1,1,1,0.319015915853668,9.9949101469414,7.57858400435635,-6.52419071524692,0,0,88.1718632669711,319.275761222608,1,1,1,2,0,1,2,1,1,2,0.319015915853668,9.9949101469414,88.1718632669711,1,1,0,1,0,1,1,1
trial0583.mat,583,583,2,2,2,1,2,1,0,0,0,1,1,1,6.01276179590207,-7.9904127293739,-9.94002000744544,-1.09361887857902,0,0,306.96135205685,186.278532518289,1,2,2,2,1,0,1,2,2,1,6.01276179590207,-7.9904127293739,306.96135205685,1,2,0,1,1,0,1,1
trial0584.mat,584,584,2,2,2,1,2,1,0,0,0,1,1,1,5.10402898111758,8.59935393851839,-3.99803957080093,-9.16600674177746,0,0,59.3093296907787,246.434076537865,1,2,1,2,1,1,1,2,1,2,5.10402898111758,8.59935393851839,59.3093296907787,1,1,0,1,1,1,1,1
trial0587.mat,587,587,2,1,2,2,2,2,0,0,0,1,1,1,-5.14567919507615,-8.57449623134563,-8.37026399447712,5.47162504771296,0,0,239.031421502057,146.827434124092,2,2,2,1,0,1,1,2,2,1,-8.37026399447712,5.47162504771296,146.827434124092,2,1,1,1,0,1,1,0
trial0588.mat,588,588,2,1,2,2,2,2,0,0,0,1,1,1,-7.12275606927866,7.0189989298727,8.9167991621853,-4.52666463317657,0,0,135.420367876161,333.085109398071,2,1,1,2,1,1,2,1,1,2,8.9167991621853,-4.52666463317657,333.085109398071,1,2,1,1,1,0,2,1
trial0589.mat,589,589,2,1,2,1,2,2,0,0,0,1,1,1,7.69767199071081,-6.38324728672063,1.35125787959457,9.90828452068437,0,0,320.332988134541,82.2341063428751,1,1,2,1,0,1,1,2,2,1,7.69767199071081,-6.38324728672063,320.332988134541,1,2,0,0,1,0,2,0
trial0590.mat,590,590,2,1,2,1,2,2,0,0,0,1,1,1,0.479348604361451,9.98850463860816,-4.93557719162901,-8.6971304339691,0,0,87.2524819343203,240.425310400985,1,2,1,2,1,1,1,2,1,2,0.479348604361451,9.98850463860816,87.2524819343203,1,1,0,0,1,1,1,1
trial0591.mat,591,591,2,2,2,1,2,1,0,0,0,1,1,1,0.431730323545738,-9.99067609963065,7.38402535557438,6.74360211965643,0,0,272.47440162632,42.4044866782223,1,1,2,1,0,1,2,1,2,1,0.431730323545738,-9.99067609963065,272.47440162632,1,2,0,1,0,0,1,1
trial0592.mat,592,592,2,2,2,2,2,1,0,0,0,1,1,1,-4.40322622146378,-8.97839622887149,8.90013650505763,4.55933878883117,0,0,243.875532491967,27.1250377511846,2,1,2,1,1,1,2,1,2,1,8.90013650505763,4.55933878883117,27.1250377511846,1,1,1,0,1,1,1,0
trial0593.mat,593,593,2,1,2,2,2,2,0,0,0,1,1,1,1.12701914186379,9.9362884345148,8.76882428788595,-4.8070490540644,0,0,83.5289073465972,331.268549379476,1,1,1,2,0,1,2,1,1,2,8.76882428788595,-4.8070490540644,331.268549379476,1,2,1,1,1,0,2,1
trial0594.mat,594,594,2,2,2,2,2,1,0,0,0,1,1,1,-2.45165304120055,-9.6948129102924,7.37545241518467,6.75297724498955,0,0,255.808397104806,42.4772744895656,2,1,2,1,1,1,2,1,2,1,7.37545241518467,6.75297724498955,42.4772744895656,1,1,1,0,1,1,2,1
trial0595.mat,595,595,2,1,2,2,2,2,0,0,0,1,1,1,-6.6748697719163,-7.44621471137907,-2.40420407974775,9.70668855701697,0,0,228.126596463797,103.911354501225,2,2,2,1,0,1,2,1,2,1,-2.40420407974775,9.70668855701697,103.911354501225,2,1,1,1,1,1,2,1
trial0596.mat,596,596,2,2,2,2,2,1,0,0,0,1,1,1,-8.51655017238632,5.2410278725863,9.85425421972779,1.70108017829173,0,0,148.392137048861,9.7940994986883,2,1,1,1,1,0,2,1,1,2,9.85425421972779,1.70108017829173,9.7940994986883,1,1,1,0,1,0,2,1
trial0598.mat,598,598,2,1,2,1,2,2,0,0,0,1,1,1,8.55458815592409,-5.1787084763021,-6.37756255817352,-7.70238247664859,0,0,328.810459770964,230.375288106833,1,2,2,2,1,0,1,2,1,2,8.55458815592409,-5.1787084763021,328.810459770964,1,2,0,0,1,1,2,0
trial0599.mat,599,599,2,2,2,1,2,1,0,0,0,1,1,1,9.60839502412781,-2.77105486418367,2.00835640322292,9.79624951487218,0,0,343.912473213225,78.4141707504674,1,1,2,1,0,1,1,2,2,1,9.60839502412781,-2.77105486418367,343.912473213225,1,2,0,1,1,0,1,1
trial0600.mat,600,600,2,2,2,1,2,1,0,0,0,1,1,1,7.82383830349529,6.22796549450621,-8.62988334295038,-5.05223846300504,0,0,38.5206421685644,210.346212905724,1,2,1,2,1,1,1,2,1,2,7.82383830349529,6.22796549450621,38.5206421685644,1,1,0,1,1,1,1,1
trial0601.mat,601,601,2,1,2,2,2,2,0,0,0,1,1,1,-7.18704888553056,-6.95315240139276,9.95448818484272,-0.952976903091975,0,0,224.052343098992,354.531546052599,2,1,2,2,1,0,2,1,2,1,9.95448818484272,-0.952976903091975,354.531546052599,1,2,1,1,1,1,1,0
trial0603.mat,603,603,2,1,2,1,2,2,0,0,0,1,1,1,9.9865959210365,0.517592416807955,-9.97000915964236,-0.773897510428498,0,0,2.96691184162357,184.438544189131,1,2,1,2,1,1,1,2,1,2,9.9865959210365,0.517592416807955,2.96691184162357,1,1,0,0,1,1,2,0
trial0604.mat,604,604,2,1,2,0,2,2,0,0,0,0,0,0,4.08702950061303,9.12667463324506,-9.97632430237381,0.687716085216564,0,0,65.8766178393915,176.056564470322,1,2,1,1,1,0,1,2,1,2,NaN,NaN,NaN,0,0,0,0,NaN,NaN,NaN,NaN
trial0605.mat,605,605,2,2,2,1,2,1,0,0,0,1,1,1,6.08669670660663,7.93423740518167,-6.38301915557954,-7.69786116135545,0,0,52.5066264708969,230.334686153236,1,2,1,2,1,1,1,2,1,2,6.08669670660663,7.93423740518167,52.5066264708969,1,1,0,1,1,1,1,1
trial0606.mat,606,606,2,1,2,1,2,2,0,0,0,1,1,1,-2.01233247449559,9.79543352854229,-2.60904179210655,-9.65364702726599,0,0,101.609085250493,254.876280304905,2,2,1,2,0,1,1,2,1,2,-2.01233247449559,9.79543352854229,101.609085250493,2,1,0,0,1,1,1,1
trial0607.mat,607,607,2,2,2,1,2,1,0,0,0,1,1,1,9.89797782199343,-1.42479297981362,-3.56208293915843,-9.34406577109539,0,0,351.808661959982,249.132483895657,1,2,2,2,1,0,1,2,1,2,9.89797782199343,-1.42479297981362,351.808661959982,1,2,0,1,1,1,1,1
trial0608.mat,608,608,2,1,2,1,2,2,0,0,0,1,1,1,8.65698446006772,5.00565880360877,-4.4145221340412,-8.97284761533708,0,0,30.0374454105226,243.803425173207,1,2,1,2,1,1,1,2,1,2,8.65698446006772,5.00565880360877,30.0374454105226,1,1,0,0,1,1,1,1
trial0609.mat,609,609,2,2,2,2,2,1,0,0,0,1,1,1,8.61870098458323,5.0712910918566,-9.47005749984464,3.2121660837566,0,0,30.4727896446743,161.263483836977,1,2,1,1,1,0,1,2,1,2,-9.47005749984464,3.2121660837566,161.263483836977,2,1,1,0,0,0,1,0
trial0610.mat,610,610,2,1,2,1,2,2,0,0,0,1,1,1,9.8413999943098,1.77393521640421,-8.46373499600832,-5.32589803857942,0,0,10.2179764733868,212.180605019683,1,2,1,2,1,1,1,2,1,2,9.8413999943098,1.77393521640421,10.2179764733868,1,1,0,0,1,1,2,0
trial0611.mat,611,611,2,2,2,1,2,1,0,0,0,1,1,1,9.43128724182527,3.32427750980328,-6.09542192395026,-7.92753628620055,0,0,19.4161965040206,232.443592148452,1,2,1,2,1,1,1,2,1,2,9.43128724182527,3.32427750980328,19.4161965040206,1,1,0,1,1,1,1,1
trial0612.mat,612,612,2,1,2,2,2,2,0,0,0,1,1,1,-2.75385940839948,9.6133375244381,4.68934253485557,-8.83233075641953,0,0,105.985015030571,297.965138839076,2,1,1,2,1,1,2,1,1,2,4.68934253485557,-8.83233075641953,297.965138839076,1,2,1,1,1,0,1,0
trial0613.mat,613,613,2,1,2,2,2,2,0,0,0,1,1,1,0.365769134289474,9.99330840814998,9.38387035035622,-3.45586128884038,0,0,87.9038296548313,339.782420648526,1,1,1,2,0,1,2,1,1,2,9.38387035035622,-3.45586128884038,339.782420648526,1,2,1,1,1,0,2,1
trial0614.mat,614,614,2,2,2,1,2,1,0,0,0,1,1,1,-4.23256276386255,9.06010002428032,-7.36037764473369,-6.76940476902546,0,0,115.040341208545,222.605021267503,2,2,1,2,0,1,1,2,1,2,-4.23256276386255,9.06010002428032,115.040341208545,2,1,0,1,1,1,2,0
trial0615.mat,615,615,2,1,2,2,2,2,0,0,0,1,1,1,-5.15401608219393,8.56948762905265,9.35589474865578,-3.530896975568,0,0,121.02430281644,339.32358830311,2,1,1,2,1,1,2,1,1,2,9.35589474865578,-3.530896975568,339.32358830311,1,2,1,1,1,0,1,0
trial0616.mat,616,616,2,2,2,2,2,1,0,0,0,1,1,1,-5.93074061547786,8.05147910336488,8.28204014151604,5.60426722188699,0,0,126.375457753699,34.0853135628852,2,1,1,1,1,0,2,1,1,2,8.28204014151604,5.60426722188699,34.0853135628852,1,1,1,0,1,0,2,1
trial0617.mat,617,617,2,2,2,1,2,1,0,0,0,1,1,1,-2.89078046431577,9.57305532769608,4.54366812611264,-8.90814683083682,0,0,106.802768062021,297.024201237383,2,1,1,2,1,1,2,1,1,2,-2.89078046431577,9.57305532769608,106.802768062021,2,1,0,1,0,1,2,0
trial0618.mat,618,618,2,1,2,2,2,2,0,0,0,1,1,1,5.26166361977132,-8.50381655213558,-8.95169457608267,4.45725972056063,0,0,301.746795403137,153.530204393806,1,2,2,1,1,1,1,2,2,1,-8.95169457608267,4.45725972056063,153.530204393806,2,1,1,1,0,1,1,0
trial0619.mat,619,619,2,1,2,2,2,2,0,0,0,1,1,1,1.53962140180967,9.88076747723018,6.41057467755947,-7.67492881422579,0,0,81.1433912431434,309.870717475295,1,1,1,2,0,1,2,1,1,2,6.41057467755947,-7.67492881422579,309.870717475295,1,2,1,1,1,0,2,1
trial0620.mat,620,620,2,2,2,2,2,1,0,0,0,1,1,1,-9.52520884066498,-3.04473258952535,9.44695673278524,3.27948296060271,0,0,197.726476718565,19.1442926340308,2,1,2,1,1,1,2,1,2,1,9.44695673278524,3.27948296060271,19.1442926340308,1,1,1,0,1,1,2,1
trial0621.mat,621,621,2,1,2,0,2,2,0,0,0,0,0,0,9.11455404299292,-4.11398889125401,-9.97735200133555,0.672641837418254,0,0,335.707258833513,176.143134042838,1,2,2,1,1,1,1,2,2,1,NaN,NaN,NaN,0,0,0,0,NaN,NaN,NaN,NaN
trial0622.mat,622,622,2,2,2,2,2,1,0,0,0,1,1,1,-9.84328574662107,1.76344143944913,8.63158659855071,-5.04932795446284,0,0,169.84311152991,329.6731087227,2,1,1,2,1,1,2,1,1,2,8.63158659855071,-5.04932795446284,329.6731087227,1,2,1,0,1,0,2,1
trial0623.mat,623,623,2,2,2,2,2,1,0,0,0,1,1,1,-3.60135917205054,9.32899845181075,5.6672353588929,-8.23908025127283,0,0,111.108543397389,304.522062516823,2,1,1,2,1,1,2,1,1,2,5.6672353588929,-8.23908025127283,304.522062516823,1,2,1,0,1,0,2,1
trial0624.mat,624,624,2,2,2,0,2,1,0,0,0,0,0,0,0.0912659345367149,-9.99958351778679,7.21150959263895,6.92777954291824,0,0,270.522922545845,43.8504123012378,1,1,2,1,0,1,2,1,2,1,NaN,NaN,NaN,0,0,0,0,NaN,NaN,NaN,NaN
trial0625.mat,625,625,2,2,2,0,2,1,0,0,0,0,0,0,8.11823496497325,-5.83902911908185,2.55898059567729,9.66703772160568,0,0,324.274476476252,75.1731940935404,1,1,2,1,0,1,1,2,2,1,NaN,NaN,NaN,0,0,0,0,NaN,NaN,NaN,NaN
trial0630.mat,630,630,2,2,2,2,2,1,0,0,0,1,1,1,-2.62707222470507,-9.64875595743737,4.27781894763889,9.03881989261993,0,0,254.769240016601,64.6731242429845,2,1,2,1,1,1,2,1,2,1,4.27781894763889,9.03881989261993,64.6731242429845,1,1,1,0,1,1,2,1
trial0631.mat,631,631,2,2,2,2,2,1,0,0,0,1,1,1,-8.61053263553224,5.08514775915451,8.29539761046456,-5.58447656314349,0,0,149.435049740337,326.051489325239,2,1,1,2,1,1,2,1,1,2,8.29539761046456,-5.58447656314349,326.051489325239,1,2,1,0,1,0,2,1
trial0632.mat,632,632,2,1,2,1,2,2,0,0,0,1,1,1,0.905637294478718,9.95890662125362,-7.15111487447661,-6.99010415173046,0,0,84.8039611474832,224.347663293148,1,2,1,2,1,1,1,2,1,2,0.905637294478718,9.95890662125362,84.8039611474832,1,1,0,0,1,1,2,0
trial0633.mat,633,633,2,2,2,1,2,1,0,0,0,1,1,1,-9.17733906039524,-3.97195767481777,5.61486775196643,8.27485710619388,0,0,203.402989003986,55.8413193633115,2,1,2,1,1,1,2,1,2,1,-9.17733906039524,-3.97195767481777,203.402989003986,2,2,0,1,0,0,1,1
trial0634.mat,634,634,2,2,2,2,2,1,0,0,0,1,1,1,-9.20973448671194,3.89625341633071,4.53544665973883,-8.91233547375007,0,0,157.068810924585,296.971334509855,2,1,1,2,1,1,2,1,1,2,4.53544665973883,-8.91233547375007,296.971334509855,1,2,1,0,1,0,1,0
trial0635.mat,635,635,2,2,2,1,2,1,0,0,0,1,1,1,0.374927486959549,9.99296899722611,-8.61858958473939,-5.07148041205147,0,0,87.8513201346323,210.474048223927,1,2,1,2,1,1,1,2,1,2,0.374927486959549,9.99296899722611,87.8513201346323,1,1,0,1,1,1,2,0
trial0636.mat,636,636,2,2,2,2,2,1,0,0,0,1,1,1,-9.2842575407355,3.71517993067577,-0.20476410221963,-9.99790336332784,0,0,158.19073365466,268.826706114524,2,2,1,2,0,1,2,1,1,2,-0.20476410221963,-9.99790336332784,268.826706114524,2,2,1,0,1,0,1,0
trial0637.mat,637,637,2,1,2,0,2,2,0,0,0,0,0,0,-6.12971817435016,7.90104772185571,9.39150624342506,3.43505611012514,0,0,127.804696305519,20.0905993744245,2,1,1,1,1,0,2,1,1,2,NaN,NaN,NaN,0,0,0,0,NaN,NaN,NaN,NaN
trial0638.mat,638,638,2,2,2,2,2,1,0,0,0,1,1,1,8.01491918205862,5.98005606203394,-9.58168243407511,-2.86205550829058,0,0,36.72719285057,196.63092363025,1,2,1,2,1,1,1,2,1,2,-9.58168243407511,-2.86205550829058,196.63092363025,2,2,1,0,0,0,2,1
trial0639.mat,639,639,2,1,2,2,2,2,0,0,0,1,1,1,-9.90372555217716,1.38427605164332,9.69021061502452,2.46978100981971,0,0,172.043131257843,14.298763537934,2,1,1,1,1,0,2,1,2,1,9.69021061502452,2.46978100981971,14.298763537934,1,1,1,1,1,1,2,1
trial0640.mat,640,640,3,1,2,1,1,1,0,0,0,1,1,1,4.26809876120036,-9.04341378930766,-9.97757050066636,-0.669392937094845,0,0,295.265276552497,183.838209079399,1,2,2,2,1,0,1,2,2,1,4.26809876120036,-9.04341378930766,295.265276552497,1,2,1,1,1,0,2,0
trial0641.mat,641,641,3,1,2,2,1,1,0,0,0,1,1,1,-7.22386104000426,-6.91489925267958,-1.01300571193286,9.94855866081069,0,0,223.748165383925,95.8140680630224,2,2,2,1,0,1,2,1,2,1,-1.01300571193286,9.94855866081069,95.8140680630224,2,1,0,0,1,1,1,0
trial0642.mat,642,642,3,1,2,2,1,1,0,0,0,1,1,1,-9.97149871630991,0.754462292384294,6.03622037373656,7.97270616539251,0,0,175.673137998816,52.8702502077688,2,1,1,1,1,0,2,1,2,1,6.03622037373656,7.97270616539251,52.8702502077688,1,1,0,0,1,1,2,1
trial0643.mat,643,643,3,1,2,2,1,1,0,0,0,1,1,1,-5.35870545626093,-8.44300158907005,-5.41994463105802,8.40382057139878,0,0,237.597031048515,122.819514074238,2,2,2,1,0,1,1,2,2,1,-5.41994463105802,8.40382057139878,122.819514074238,2,1,0,0,0,1,2,1
trial0644.mat,644,644,3,1,2,1,1,1,0,0,0,1,1,1,4.44841299614326,8.95609411606107,7.4077049376158,-6.71758197249744,0,0,63.5868143906191,317.797091236896,1,1,1,2,0,1,2,1,1,2,4.44841299614326,8.95609411606107,63.5868143906191,1,1,1,1,0,1,2,0
trial0645.mat,645,645,3,1,2,1,1,1,0,0,0,1,1,1,-6.63244064458483,7.48403174071697,4.44896535988154,-8.95581974062532,0,0,131.547755411358,296.416719359175,2,1,1,2,1,1,2,1,1,2,-6.63244064458483,7.48403174071697,131.547755411358,2,1,1,1,0,1,1,1
trial0646.mat,646,646,3,2,2,1,1,2,0,0,0,1,1,1,-9.89852969152088,1.42095388597924,0.384735929745818,-9.99259617238496,0,0,171.830884452607,272.204918688274,2,1,1,2,1,1,2,1,1,2,-9.89852969152088,1.42095388597924,171.830884452607,2,1,1,0,0,1,1,1
trial0647.mat,647,647,3,1,2,2,1,1,0,0,0,1,1,1,-9.9869598902136,0.510521450347378,9.98310901361435,0.580977127167585,0,0,177.073655448665,3.33062920303547,2,1,1,1,1,0,2,1,2,1,9.98310901361435,0.580977127167585,3.33062920303547,1,1,0,0,1,1,1,0
trial0648.mat,648,648,3,1,2,2,1,1,0,0,0,1,1,1,9.99877898545708,0.15626515920634,-9.6567309209971,2.5976042653681,0,0,0.89536985303003,164.944152817324,1,2,1,1,1,0,1,2,2,1,-9.6567309209971,2.5976042653681,164.944152817324,2,1,0,0,0,1,2,1
trial0649.mat,649,649,3,1,2,1,1,1,0,0,0,1,1,1,6.39260901900613,-7.68989921456202,-9.50294280456111,3.11353144407443,0,0,309.736728869599,161.859203814421,1,2,2,1,1,1,1,2,2,1,6.39260901900613,-7.68989921456202,309.736728869599,1,2,1,1,1,0,2,0
trial0651.mat,651,651,3,1,2,1,1,1,0,0,0,1,1,1,-1.10192803328801,-9.93910230400382,-8.33680678180542,5.5224679883946,0,0,263.673570048317,146.478710285498,2,2,2,1,0,1,1,2,2,1,-1.10192803328801,-9.93910230400382,263.673570048317,2,2,1,1,1,0,1,1
trial0652.mat,652,652,3,1,2,2,1,1,0,0,0,1,1,1,-3.52443564111455,9.35833069578338,9.9460062437484,-1.03776673646725,0,0,110.63684744342,354.043309921719,2,1,1,2,1,1,2,1,1,2,9.9460062437484,-1.03776673646725,354.043309921719,1,2,0,0,1,0,1,0
trial0653.mat,653,653,3,2,2,1,1,2,0,0,0,1,1,1,8.61621347816479,-5.07551625932687,-8.6151879857837,-5.07725673662542,0,0,329.499118047765,210.512456402916,1,2,2,2,1,0,1,2,1,2,8.61621347816479,-5.07551625932687,329.499118047765,1,2,1,0,1,1,2,0
trial0654.mat,654,654,3,2,2,2,1,2,0,0,0,1,1,1,-8.83458293190921,-4.68509812268842,9.15587379191341,-4.0211907572948,0,0,207.937608631672,336.289280858358,2,1,2,2,1,0,2,1,2,1,9.15587379191341,-4.0211907572948,336.289280858358,1,2,0,1,1,1,1,0
trial0655.mat,655,655,3,1,2,2,1,1,0,0,0,1,1,1,5.67705654520237,-8.23231613718611,-2.83633231990047,9.58932838999104,0,0,304.590388534288,106.477167601481,1,2,2,1,1,1,1,2,2,1,-2.83633231990047,9.58932838999104,106.477167601481,2,1,0,0,0,1,2,1
trial0656.mat,656,656,3,2,2,2,1,2,0,0,0,1,1,1,-9.46810116786315,-3.21792794746998,-0.248655643732429,9.99690804053133,0,0,198.771380213801,91.4248387482803,2,2,2,1,0,1,2,1,2,1,-0.248655643732429,9.99690804053133,91.4248387482803,2,1,0,1,1,1,2,1
trial0657.mat,657,657,3,2,2,1,1,2,0,0,0,1,1,1,1.87516373196908,9.82261477297709,-9.73069802699369,-2.30510648505902,0,0,79.1921220702901,193.327137614097,1,2,1,2,1,1,1,2,1,2,1.87516373196908,9.82261477297709,79.1921220702901,1,1,1,0,1,1,2,0
trial0660.mat,660,660,3,2,2,2,1,2,0,0,0,1,1,1,-8.52279117681189,5.23087282931418,9.18674280340663,-3.95015906819668,0,0,148.460430891851,336.733033867324,2,1,1,2,1,1,2,1,1,2,9.18674280340663,-3.95015906819668,336.733033867324,1,2,0,1,1,0,1,0
trial0661.mat,661,661,3,1,2,0,1,1,0,0,0,0,0,0,7.42126504744298,-6.70259838388077,4.70064070111912,8.8263229602696,0,0,317.912877579224,61.9615444556761,1,1,2,1,0,1,1,2,2,1,NaN,NaN,NaN,0,0,0,0,NaN,NaN,NaN,NaN
trial0771.mat,771,771,3,1,2,0,1,1,0,0,0,0,0,0,7.27100363234978,6.86531180488959,-9.99478932235598,-0.322779184147303,0,0,43.3561451125113,181.849709782507,1,2,1,2,1,1,1,2,1,2,NaN,NaN,NaN,0,0,0,0,NaN,NaN,NaN,NaN
trial0776.mat,776,776,3,1,2,0,1,1,0,0,0,0,0,0,3.89474283034657,9.2103734064078,-8.46440884734589,-5.32482702676553,0,0,67.0782082855333,212.173355027335,1,2,1,2,1,1,1,2,1,2,NaN,NaN,NaN,0,0,0,0,NaN,NaN,NaN,NaN
trial0780.mat,780,780,3,2,2,0,1,2,0,0,0,0,0,0,-9.93708878453007,-1.11994039500627,9.99941857714157,0.10783375684874,0,0,186.430276007339,0.617853890172853,2,1,2,1,1,1,2,1,2,1,NaN,NaN,NaN,0,0,0,0,NaN,NaN,NaN,NaN
trial0797.mat,797,797,3,2,2,0,1,2,0,0,0,0,0,0,2.47877658396967,9.68791343101102,3.655423675831,-9.30794702123805,0,0,75.6480415919286,291.440964737918,1,1,1,2,0,1,2,1,1,2,NaN,NaN,NaN,0,0,0,0,NaN,NaN,NaN,NaN
trial0806.mat,806,806,3,2,2,0,1,2,0,0,0,0,0,0,-6.35790656454281,7.7186154274289,-6.2529916577981,-7.80385131377497,0,0,129.478650675304,231.295851203979,2,2,1,2,0,1,2,1,1,2,NaN,NaN,NaN,0,0,0,0,NaN,NaN,NaN,NaN
trial0807.mat,807,807,3,1,2,1,1,1,0,0,0,1,1,1,8.59391806099147,-5.11317634753239,-9.97501454243,0.706459396080267,0,0,329.248363350016,175.948911314911,1,2,2,1,1,1,1,2,2,1,8.59391806099147,-5.11317634753239,329.248363350016,1,2,1,1,1,0,2,0
trial0831.mat,831,831,3,1,2,0,1,1,0,0,0,0,0,0,6.95456956786369,-7.18567756900797,-1.18185918059902,9.92991484743116,0,0,314.06364195139,96.7874182987379,1,2,2,1,1,1,1,2,2,1,NaN,NaN,NaN,0,0,0,0,NaN,NaN,NaN,NaN
trial0834.mat,834,834,3,1,2,0,1,1,0,0,0,0,0,0,-9.83932390375844,-1.78541455044139,3.71913501178547,9.28267390163586,0,0,190.284815205617,68.1663236488936,2,1,2,1,1,1,2,1,2,1,NaN,NaN,NaN,0,0,0,0,NaN,NaN,NaN,NaN
trial0872.mat,872,872,3,1,2,0,1,1,0,0,0,0,0,0,9.42687647392678,-3.33676489212617,-7.87415071204886,6.16423154691162,0,0,340.507923976586,141.944597823778,1,2,2,1,1,1,1,2,2,1,NaN,NaN,NaN,0,0,0,0,NaN,NaN,NaN,NaN
trial0893.mat,893,893,3,2,2,0,1,2,0,0,0,0,0,0,-9.50692932334228,-3.10133758900489,7.55581880007376,6.55054213485051,0,0,198.067291605332,40.9237608360062,2,1,2,1,1,1,2,1,2,1,NaN,NaN,NaN,0,0,0,0,NaN,NaN,NaN,NaN
trial0912.mat,912,912,3,2,2,1,1,2,0,0,0,1,1,1,6.84234655719819,7.2926191173815,-0.126746032510891,-9.9991967399008,0,0,46.8245531519489,269.273779281801,1,2,1,2,1,1,1,2,1,2,6.84234655719819,7.2926191173815,46.8245531519489,1,1,1,0,1,1,1,1
trial0940.mat,940,940,3,1,2,0,1,1,0,0,0,0,0,0,7.6118640262724,-6.48533160644389,-1.67039749923567,9.85950161998806,0,0,319.568900446535,99.6157482389041,1,2,2,1,1,1,1,2,2,1,NaN,NaN,NaN,0,0,0,0,NaN,NaN,NaN,NaN
trial0942.mat,942,942,3,2,2,0,1,2,0,0,0,0,0,0,-9.98904850872647,-0.467878072054537,4.113544773931,-9.11475448889683,0,0,182.681722919208,294.28994939321,2,1,2,2,1,0,2,1,1,2,NaN,NaN,NaN,0,0,0,0,NaN,NaN,NaN,NaN
